,religion,cause_of_death,place_of_death,profession,location,gender,nationality,place_of_birth,institution,children,parents,spouse,ethnicity
0,judaism,suicide,prague,philosopher,milan_italy,male,israel,prague,university_of_vienna,john_lennon,andrew_w_clark,nell_gwyn,galician_people
1,judaism,suicide,jerusalem,singer,milan_italy,male,austria,frankfurt,university_of_cambridge,john_lennon,georg_ritter_von_trapp,mark_bernes,jew
2,catholicism,myocardial_infarction,nice,actor,berlin,male,united_kingdom,liverpool,university_of_michigan,dominic_elwes,lon_chaney_sr,lorne_greene,italian_people
3,judaism,assassination,frankfurt,philosopher,california,male,singapore,frankfurt,london_school_of_economics,ludwig_wittgenstein,andrew_w_clark,ferenc_molnar,ashkenazi_jews
4,judaism,assassination,nice,singer,milan_italy,male,iran,prague,lycee_louis_le_grand,jesus,marcus_vipsanius_agrippa,nikolay_adlerberg,ashkenazi_jews
5,islam,murder,rome,novelist,rome,male,italy,delhi,london_school_of_economics,jesus,andrew_w_clark,anneliese_michel,germans
6,catholicism,assassination,st_louis_missouri,singer,milan_italy,male,italy,detroit_michigan,columbia_university,robert_stewart_viscount_castlereagh,andrew_w_clark,barbara_tuchman,irish_american
7,judaism,suicide,new_york_county,singer,queens,male,soviet_union,frankfurt,london_school_of_economics,jaime_cardinal_sin,andrew_w_clark,robert_long_utrecht,ashkenazi_jews
8,islam,assassination,nice,journalist,bucharest,male,israel,bucharest,university_of_cambridge,jesus,marlon_brando,ferenc_molnar,poles
9,islam,suicide,phoenix,social_activist,oxford,male,belgium,kabul,university_of_paris,jesus,mahatma_gandhi,pier_paolo_pasolini,javanese
10,judaism,assassination,copenhagen,historian,copenhagen,male,hungary,kiev,university_of_cambridge,jesus,aldo_leopold,robert_graham,poles
11,judaism,assassination,tehran,film_director,tehran,male,hungary,kabul,columbia_university,jesus,marlon_brando,rosa_luxemburg,jew
12,atheism,assassination,beverly_hills,philosopher,beverly_hills,male,italy,frankfurt,columbia_university,peter_jones_1802,hedda_hopper,coral_browne,irish_american
13,atheism,tuberculosis,buenos_aires,poet,munich,male,hungary,frankfurt,harvard_university,john_lennon,marlon_brando,paul_cezanne,russians
14,judaism,myocardial_infarction,nice,film_director,beverly_hills,male,hungary,lviv,new_york_university,jesus,zog_of_albania,ferenc_molnar,hungarian_people
15,judaism,assassination,jerusalem,mathematician,florida,male,hungary,frankfurt,bachelor_of_arts,t_e_lawrence,andrew_w_clark,paul_cezanne,irish_american
16,judaism,aids,beverly_hills,journalist,beverly_hills,male,united_kingdom,frankfurt,university_of_oxford,ludwig_wittgenstein,andrew_w_clark,sylvia_ashley,jew
17,judaism,lymphoma,stockholm,writer,milan_italy,male,hungary,stockholm,columbia_university,robert_stewart_viscount_castlereagh,jacqueline_kennedy_onassis,eppie_friedman,poles
18,judaism,stroke,beverly_hills,actor,beverly_hills,male,hungary,kabul,magdalene_college_cambridge,amanullah_khan,marlon_brando,rosa_luxemburg,poles
19,catholicism,assassination,baltimore,engineer,baltimore,male,spain,baltimore,university_of_cambridge,thomas_harrison_1740,andrew_w_clark,al_waxman,jew
20,roman_catholic_church,cardiovascular_disease,santa_monica_california,writer,berlin,male,russia,the_bronx,columbia_university,avery_cardinal_dulles,hedda_hopper,coral_browne,ashkenazi_jews
21,islam,assassination,nice,writer,italy,male,japan,city_of_london,university_of_cambridge,robert_stewart_viscount_castlereagh,marlon_brando,pim_fortuyn,russians
22,islam,suicide,jerusalem,philosopher,oxford,male,scotland,frankfurt,london_school_of_economics,robert_stewart_viscount_castlereagh,andrew_w_clark,robert_long_utrecht,poles
23,judaism,assassination,london,politician,london,male,united_kingdom,belfast,columbia_university,chaim_herzog,andrew_w_clark,eppie_friedman,jew
24,lutheranism,suicide,beverly_hills,journalist,beverly_hills,male,united_kingdom,omaha_nebraska,university_of_paris,robert_stewart_viscount_castlereagh,marlon_brando,alastair_sim,french_people
25,christianity,suicide,new_york_county,musician,beverly_hills,male,canada,new_york_county,harvard_university,robert_stewart_viscount_castlereagh,marlon_brando,sylvia_ashley,white_american
26,judaism,cancer,beverly_hills,physician,beverly_hills,male,israel,frankfurt,university_of_cambridge,geber,marlon_brando,lloyd_bochner,jew
27,judaism,suicide,cairo,lawyer,ohio,male,romania,glasgow,university_of_cambridge,robert_stewart_viscount_castlereagh,andrew_w_clark,eppie_friedman,jew
28,islam,congestive_heart_failure,hollywood,actor,beverly_hills,male,turkey,jacksonville,university_of_california_los_angeles,barack_obama_sr,mark_antony,lloyd_bochner,greeks
29,judaism,myocardial_infarction,malibu,novelist,beverly_hills,male,pakistan,delhi,jesus,jesus,andrew_w_clark,jesus,javanese
30,islam,assassination,jerusalem,singer,florida,male,hungary,prague,university_of_southern_california,jesus,andrew_w_clark,yossi_banai,italian_people
31,judaism,suicide,nice,novelist,tehran,male,united_kingdom,kabul,balliol_college_oxford,henry_benedict_stuart,hermann_van_pels,georgy_malenkov,english_people
32,judaism,myocardial_infarction,beverly_hills,historian,beverly_hills,male,hungary,minneapolis,columbia_university,jesus,andrew_w_clark,coral_browne,french_people
33,catholicism,myocardial_infarction,rome,lawyer,rome,male,italy,poznan,columbia_university,peter_jones_1802,charlie_soong,coral_browne,poles
34,islam,aids,honolulu,politician,chicago,male,iran,sri_lanka,harvard_university,robert_bourassa,al_capone,steven_gilborn,poles
35,judaism,assassination,hollywood,philosopher,beverly_hills,male,hungary,jacksonville,university_of_oxford,john_stuart_mill,andrew_w_clark,al_waxman,irish_american
36,judaism,suicide,london,philosopher,beverly_hills,male,austria,frankfurt,harvard_university,ludwig_wittgenstein,andrew_w_clark,boris_karloff,italian_people
37,christianity,murder,los_angeles,actor,berlin,male,russia,st_louis_missouri,columbia_university,john_lennon,anneliese_michel,anneliese_michel,caucasian_race
38,judaism,cardiovascular_disease,nice,soldier,chicago,male,singapore,baltimore,columbia_university,jesus,marlon_brando,ferenc_molnar,ashkenazi_jews
39,judaism,congestive_heart_failure,cambridge_massachusetts,scientist,beverly_hills,male,soviet_union,jacksonville,harvard_university,gummo_marx,marlon_brando,lloyd_bochner,poles
40,islam,firearm,los_angeles,writer,beverly_hills,male,hungary,agra,bachelor_of_arts,birendra_of_nepal,marlon_brando,ferenc_molnar,irish_american
41,islam,myocardial_infarction,st_louis_missouri,screenwriter,beverly_hills,male,republic_of_ireland,belfast,university_of_cambridge,john_stuart_mill,charlie_soong,eppie_friedman,english_people
42,catholicism,hanging,beverly_hills,philosopher,beverly_hills,male,republic_of_ireland,belfast,united_states_military_academy,jesus,marlon_brando,desmond_llewelyn,italian_people
43,judaism,assassination,paris,politician,milan_italy,male,united_states,frankfurt,university_of_cambridge,jesus,andrew_w_clark,hannah_frank,germans
44,catholicism,firearm,jerusalem,dictator,milan_italy,male,republic_of_ireland,kabul,university_of_paris,john_lennon,marlon_brando,robert_long_utrecht,javanese
45,islam,myocardial_infarction,hollywood,writer,berlin,male,mexico,san_francisco,yale_university,lucius_cary_2nd_viscount_falkland,andrew_w_clark,eppie_friedman,irish_american
46,judaism,murder,new_york_state,composer,new_york_state,male,israel,new_york_state,columbia_university,jesus,andrew_w_clark,independent,greeks
47,judaism,assassination,salt_lake_city,philosopher,milan_italy,male,italy,glasgow,university_of_cambridge,jesus,marlon_brando,tsuguharu_foujita,hungarian_people
48,serbian_orthodox_church,firearm,rome,scientist,rome,male,hungary,warsaw,university_of_warsaw,henry_benedict_stuart,liang_qichao,ong_teng_cheong,poles
49,catholicism,myocardial_infarction,palm_springs,social_activist,pennsylvania,male,hungary,bucharest,columbia_university,jesus,marlon_brando,leopold_i_holy_roman_emperor,hungarian_people
50,islam,assassination,rome,lawyer,berlin,male,united_kingdom,liverpool,university_of_oxford,john_lennon,andrew_w_clark,anneliese_michel,germans
51,judaism,firearm,los_angeles,scientist,los_angeles,male,russia,frankfurt,university_of_cambridge,henry_benedict_stuart,sam_marx,charles_edward_stuart,russians
52,judaism,assassination,baltimore,philosopher,new_york_state,male,israel,jacksonville,university_of_cambridge,jesus,andrew_w_clark,eppie_friedman,jew
53,catholicism,assassination,new_york_county,novelist,new_york_state,male,scotland,new_york_county,university_of_cambridge,jesus,andrew_w_clark,eppie_friedman,scottish_people
54,islam,firearm,nice,physician,berlin,male,spain,frankfurt,university_of_california_berkeley,jesus,andrew_w_clark,rosa_luxemburg,javanese
55,hinduism,pneumonia,london,novelist,london,male,united_kingdom,london,kings_college_london,chaim_herzog,al_capone,harriet_brooks,ashkenazi_jews
56,judaism,assassination,oxford,actor,oxford,male,scotland,frankfurt,university_of_cambridge,jesus,marlon_brando,sheldon_leonard,ashkenazi_jews
57,christianity,firearm,new_york_county,musician,the_bronx,male,hungary,harlem,university_of_california_los_angeles,john_lennon,marlon_brando,jean_sibelius,caucasian_race
58,judaism,assassination,nice,poet,riga,male,hungary,frankfurt,university_of_cambridge,jesus,georg_ritter_von_trapp,cesar_lattes,russians
59,agnosticism,suicide,cannes,composer,florida,male,scotland,frankfurt,london_school_of_economics,james_joyce,oliver_cromwell,georgy_malenkov,poles
60,islam,hanging,chicago,actor,chicago,male,austria,frankfurt,columbia_university,zeppo_marx,georg_ritter_von_trapp,ferenc_molnar,germans
61,catholicism,myocardial_infarction,north_hollywood,film_director,sydney,male,hungary,gloucester,university_of_cambridge,dominic_elwes,marlon_brando,eppie_friedman,ashkenazi_jews
62,catholicism,firearm,los_angeles,businessperson,los_angeles,male,austria,amsterdam,columbia_university,birendra_of_nepal,andrew_w_clark,coral_browne,irish_american
63,judaism,assassination,detroit_michigan,politician,milan_italy,male,republic_of_ireland,detroit_michigan,trinity_college_dublin,robert_stewart_viscount_castlereagh,andrew_w_clark,eppie_friedman,irish_american
64,judaism,murder,beverly_hills,actor,beverly_hills,male,russia,columbus_ohio,columbia_university,jesus,neil_aspinall,eppie_friedman,russians
65,judaism,assassination,nice,novelist,berlin,male,england,prague,university_of_cambridge,john_de_la_pole_2nd_duke_of_suffolk,andrew_w_clark,humphrey_lloyd,germans
66,judaism,congestive_heart_failure,new_york_county,writer,chicago,male,romania,frankfurt,columbia_university,jesus,marlon_brando,ferenc_molnar,jew
67,hinduism,tuberculosis,beverly_hills,novelist,beverly_hills,male,hungary,budapest,university_of_illinois_at_urbana-champaign,joseph_stalin,cesare_borgia,ferenc_molnar,poles
68,christian,assassination,omaha_nebraska,politician,queens,male,united_kingdom,jacksonville,university_of_oxford,robert_stewart_viscount_castlereagh,andrew_w_clark,elsie_macgill,irish_american
69,christian,suicide,greenwich_connecticut,philosopher,beverly_hills,male,republic_of_ireland,manila,university_of_paris,robert_stewart_viscount_castlereagh,andrew_w_clark,pim_fortuyn,greeks
70,roman_catholic_church,assassination,cannes,lawyer,ohio,male,hungary,lviv,university_of_cambridge,jesus,andrew_w_clark,henry_iii_of_france,french_people
71,judaism,assassination,tokyo,writer,bucharest,male,kingdom_of_england,kabul,london_school_of_economics,amanullah_khan,andrew_w_clark,nikolay_adlerberg,jew
72,judaism,assassination,malibu,physician,berlin,male,hungary,frankfurt,university_of_cambridge,ludwig_wittgenstein,marlon_brando,max_davidson,jew
73,atheism,assassination,nice,journalist,berlin,male,romania,detroit_michigan,columbia_university,jesus,marlon_brando,robert_long_utrecht,jew
74,islam,assassination,beverly_hills,writer,beverly_hills,male,austria,trieste,columbia_university,jesus,marlon_brando,coral_browne,italian_people
75,catholicism,suicide,san_francisco,journalist,berlin,male,pakistan,glasgow,university_of_paris,dominic_elwes,andrew_w_clark,elias_canetti,javanese
76,catholicism,myocardial_infarction,new_york_county,singer,beverly_hills,male,puerto_rico,new_york_county,columbia_university,jesus,marlon_brando,sammy_davis_jr,jew
77,judaism,suicide,london,singer,london,male,austria,frankfurt,columbia_university,john_lennon,hermann_einstein,ferenc_molnar,poles
78,islam,firearm,new_york,writer,the_bronx,male,austria,minneapolis,bachelor_of_arts,jesus,jacqueline_kennedy_onassis,karl_landsteiner,greeks
79,judaism,myocardial_infarction,chicago,singer,chicago,male,israel,denver,london_school_of_economics,jesus,andrew_w_clark,eppie_friedman,jew
80,judaism,assassination,cairo,actor,kentucky,male,hungary,delhi,university_of_southern_california,birendra_of_nepal,andrew_w_clark,henri-gustave_joly_de_lotbiniere,tamil_people
81,judaism,cardiac_arrest,washington_united_states,novelist,beverly_hills,male,united_states,jacksonville,harvard_university,jesus,andrew_w_clark,saul_bellow,irish_american
82,islam,firearm,nice,film_director,beverly_hills,male,republic_of_ireland,detroit_michigan,university_of_southern_california,robert_stewart_viscount_castlereagh,marlon_brando,ron_silver,javanese
83,judaism,firearm,cairo,scientist,liverpool,male,united_kingdom,liverpool,university_of_cambridge,jesus,charlie_soong,chaim_herzog,javanese
84,catholicism,firearm,jerusalem,social_activist,jerusalem,male,israel,jerusalem,columbia_university,jesus,lea_rabin,robert_long_utrecht,english_people
85,islam,congestive_heart_failure,hollywood,sailor,hollywood,male,puerto_rico,puerto_rico,columbia_university,john_lennon,sam_walton,creighton_burns,jew
86,judaism,cardiovascular_disease,manila,novelist,hanover,male,austria,manila,ruprecht_karl_university_of_heidelberg,ludwig_wittgenstein,andrew_w_clark,elias_canetti,poles
87,judaism,murder,woodland_hills,writer,california,male,hungary,jacksonville,columbia_university,chaim_herzog,andrew_w_clark,leopold_i_holy_roman_emperor,jew
88,judaism,assassination,hollywood,writer,ohio,male,hungary,lviv,london_school_of_economics,jesus,andrew_w_clark,anneliese_michel,ashkenazi_jews
89,catholicism,assassination,los_angeles,scientist,florida,male,hungary,frankfurt,lycee_louis_le_grand,jesus,al_capone,nikolay_adlerberg,galician_people
90,judaism,assassination,palm_springs,soldier,ohio,male,spain,glasgow,united_states_military_academy,zeppo_marx,andrew_w_clark,lloyd_bochner,poles
91,islam,suicide,nice,film_director,milan_italy,male,belgium,izmir,university_of_southern_california,amanullah_khan,marlon_brando,marlon_brando,greeks
92,judaism,myocardial_infarction,nice,film_director,vilnius,male,hungary,vilnius,university_of_southern_california,marc_aurel_stein,geraldine_apponyi_de_nagy-apponyi,lily_kronberger,jew
93,islam,suicide,london,politician,chicago,male,united_kingdom,frankfurt,columbia_university,barack_obama_sr,marlon_brando,sylvia_ashley,caucasian_race
94,buddhism,myocardial_infarction,atlantic_ocean,singer,north_carolina,male,scotland,glasgow,harvard_university,lili_uokalani,marlon_brando,mortimer_wheeler,irish_american
95,christian,assassination,mumbai,philosopher,tehran,male,pakistan,mumbai,university_of_oxford,robert_stewart_viscount_castlereagh,andrew_w_clark,joaquin_murrieta,javanese
96,islam,firearm,edinburgh,journalist,beverly_hills,male,austria,edinburgh,london_school_of_economics,barack_obama_sr,andrew_w_clark,daniel_pearl,irish_american
97,judaism,brain_tumor,new_york_county,singer,the_bronx,male,austria,frankfurt,columbia_university,jesus,andrew_w_clark,benjamin_prins,jew
98,catholicism,firearm,los_angeles,physician,beverly_hills,male,pakistan,amsterdam,rutgers_university,jesus,andrew_w_clark,joop_doderer,irish_american
99,catholic,assassination,jerusalem,philosopher,hanover,male,israel,milwaukee,university_of_california_berkeley,jesus,andrew_w_clark,iva_toguri_daquino,galician_people
100,islam,prostate_cancer,new_york_county,journalist,the_bronx,male,argentina,jacksonville,university_of_cambridge,henry_maudslay,marlon_brando,william_stanley_jevons,english_people
101,judaism,suicide,washington_united_states,physician,the_bronx,male,israel,detroit_michigan,bachelor_of_arts,rudyard_kipling,andrew_w_clark,daniel_m_lewin,ashkenazi_jews
102,judaism,assassination,paris,scientist,rome,male,russia,liverpool,ecole_normale_superieure,jesus,marcus_vipsanius_agrippa,abraham_wald,jew
103,catholicism,firearm,los_angeles,writer,beverly_hills,male,austria,detroit_michigan,columbia_university,rudyard_kipling,marlon_brando,elias_canetti,javanese
104,catholicism,firearm,st_louis_missouri,novelist,florida,male,scotland,jacksonville,sorbonne,marvin_gaye,andrew_w_clark,jean_sibelius,irish_american
105,judaism,pneumonia,hollywood,writer,chicago,male,pakistan,detroit_michigan,london_school_of_economics,jesus,marlon_brando,marlon_brando,irish_american
106,atheism,suicide,baltimore,philosopher,pennsylvania,male,kingdom_of_great_britain,frankfurt,university_of_cambridge,ludwig_wittgenstein,marlon_brando,graham_chapman,ashkenazi_jews
107,atheism,assassination,atlantic_ocean,philosopher,oxford,male,russia,frankfurt,university_of_cambridge,ludwig_wittgenstein,hermann_van_pels,abraham_robinson,ashkenazi_jews
108,islam,lymphoma,berlin,writer,berlin,male,russia,amsterdam,university_of_california_berkeley,jesus,jacqueline_kennedy_onassis,eppie_friedman,jew
109,catholicism,assassination,detroit_michigan,lawyer,ohio,male,republic_of_ireland,detroit_michigan,university_of_michigan,marvin_gaye,andrew_w_clark,budd_schulberg,irish_american
110,hindu,assassination,baltimore,novelist,baltimore,male,germany,bucharest,columbia_university,john_stuart_mill,andrew_w_clark,iva_toguri_daquino,irish_american
111,catholicism,firearm,rome,monarch,tehran,male,hungary,kabul,ecole_normale_superieure,jesus,andrew_w_clark,anneliese_michel,germans
112,roman_catholic_church,suicide,chicago,photographer,chicago,male,italy,palace_of_versailles,school_of_the_art_institute_of_chicago,jesus,lea_de_mae,lea_de_mae,russians
113,islam,myocardial_infarction,florida,physician,florida,male,mexico,detroit_michigan,university_of_north_carolina_at_chapel_hill,jesus,andrew_w_clark,independent,greeks
114,judaism,brain_tumor,london,writer,london,male,hungary,frankfurt,university_of_london,jesus,marlon_brando,anneliese_michel,greeks
115,roman_catholic_church,cardiovascular_disease,hollywood,politician,beverly_hills,male,mexico,nashville_tennessee,yale_university,jesus,marlon_brando,eppie_friedman,jew
116,christianity,assassination,beijing,journalist,beijing,male,hungary,beijing,columbia_university,jesus,andrew_w_clark,elias_canetti,ashkenazi_jews
117,islam,assassination,los_angeles,politician,chicago,male,hungary,glasgow,university_of_paris,amanullah_khan,ismail_i,nikolay_adlerberg,javanese
118,catholicism,myocardial_infarction,rome,novelist,florida,male,israel,manila,university_of_leipzig,rudyard_kipling,charles_brandon_1st_duke_of_suffolk,harriet_brooks,poles
119,islam,assassination,rome,actor,rome,male,pakistan,frankfurt,balliol_college_oxford,jesus,mahatma_gandhi,william_topaz_mcgonagall,english_people
120,judaism,murder,los_angeles,writer,berlin,male,hungary,frankfurt,university_college_london,jesus,marlon_brando,eppie_friedman,italian_people
121,judaism,suicide,atlantic_ocean,singer,beverly_hills,male,austria,frankfurt,columbia_university,jesus,georg_ritter_von_trapp,mark_bernes,jew
122,methodism,assassination,washington_united_states,journalist,chicago,male,united_states,st_louis_missouri,university_of_paris,benigno_aquino_jr,andrew_w_clark,george_halas,scottish_american
123,anglicanism,assassination,beijing,novelist,russia,male,russia,beijing,uppsala_university,jesus,charlie_soong,harriet_brooks,caucasian_race
124,islam,cardiac_arrest,london,novelist,milan_italy,male,iran,glasgow,university_of_paris,charlie_chaplin,marlon_brando,robert_long_utrecht,javanese
125,catholicism,assassination,baltimore,politician,beverly_hills,male,afghanistan,lviv,columbia_university,jesus,al_capone,lloyd_bochner,russians
126,christianity,assassination,montreal,scientist,queens,male,scotland,lviv,ludwig_maximilians_university_of_munich,jesus,charlie_soong,richard_edler_von_mises,poles
127,judaism,suicide,nice,philosopher,milan_italy,male,romania,frankfurt,university_of_cambridge,amanullah_khan,marlon_brando,eppie_friedman,italian_people
128,islam,assassination,london,writer,berlin,male,united_kingdom,frankfurt,university_of_cambridge,amanullah_khan,andrew_w_clark,rupert_brooke,ashkenazi_jews
129,catholicism,firearm,nice,physician,chicago,male,scotland,sri_lanka,university_of_edinburgh,john_dalrymple_2nd_earl_of_stair,andrew_w_clark,jozsef_eotvos,scottish_people
130,islam,assassination,beverly_hills,actor,beverly_hills,male,russia,delhi,columbia_university,jesus,lea_de_mae,lea_de_mae,french_people
131,catholicism,myocardial_infarction,hollywood,writer,berlin,male,mexico,mexican_federal_district,yale_university,peter_jones_1802,hedda_hopper,leopold_i_holy_roman_emperor,greeks
132,christianity,prostate_cancer,salt_lake_city,philosopher,salt_lake_city,male,hungary,manila,ateneo_de_manila_university,jaime_cardinal_sin,marlon_brando,marlon_brando,poles
133,judaism,assassination,new_york,writer,hanover,male,austria,frankfurt,kings_college_london,robert_stewart_viscount_castlereagh,neil_aspinall,ferenc_molnar,germans
134,islam,pneumonia,st_louis_missouri,novelist,florida,male,portugal,el_paso,united_states_military_academy,jesus,andrew_w_clark,john_wells_1936,indigenous_peoples_of_the_americas
135,islam,assassination,jerusalem,writer,beverly_hills,male,pakistan,jerusalem,university_of_oxford,nur_muhammad_taraki,andrew_w_clark,marlon_brando,english_people
136,judaism,firearm,hollywood,philosopher,chicago,male,hungary,detroit_michigan,university_of_warsaw,henry_benedict_stuart,taoyateduta,sergei_bodrov_jr,poles
137,judaism,assassination,rome,writer,the_hague,male,germany,kabul,howard_university,robert_stewart_viscount_castlereagh,jacqueline_kennedy_onassis,coral_browne,germans
138,roman_catholic_church,myocardial_infarction,paris,writer,beverly_hills,male,united_kingdom,paris,sorbonne,dominic_elwes,andrew_w_clark,coral_browne,ashkenazi_jews
139,judaism,myocardial_infarction,beverly_hills,actor,beverly_hills,male,israel,new_york_county,university_of_cambridge,jesus,marlon_brando,eppie_friedman,greeks
140,islam,firearm,london,journalist,berlin,male,austria,frankfurt,university_of_cambridge,jesus,marlon_brando,joop_doderer,french_people
141,islam,assassination,beverly_hills,philosopher,beverly_hills,male,italy,detroit_michigan,university_of_california_los_angeles,jesus,marlon_brando,george_halas,italian_people
142,catholicism,death_by_natural_causes,mexican_federal_district,novelist,belfast,male,mexico,belfast,harvard_university,john_lennon,h_h_asquith,coral_browne,english_people
143,christian,cancer,jerusalem,philosopher,tehran,male,iran,hrodna,university_of_cambridge,ingmar_bergman,aldo_leopold,michael_crichton,javanese
144,islam,firearm,palm_springs,journalist,milan_italy,male,united_kingdom,jacksonville,princeton_university,chiang_wei-kuo,andrew_w_clark,lois_andrews,scottish_people
145,agnosticism,prostate_cancer,baltimore,philosopher,chicago,male,israel,baltimore,columbia_university,jesus,marcus_vipsanius_agrippa,elias_canetti,ashkenazi_jews
146,judaism,assassination,chicago,physician,chicago,male,israel,frankfurt,university_of_vienna,ludwig_wittgenstein,al_capone,graham_chapman,greeks
147,judaism,assassination,rome,actor,tehran,male,italy,kabul,london_school_of_economics,james_scott_1st_duke_of_monmouth,marlon_brando,robert_long_utrecht,italian_people
148,judaism,suicide,rome,philosopher,berlin,male,russia,frankfurt,humboldt_university_of_berlin,ippolito_ii_deste,ercole_deste_i,leopold_i_holy_roman_emperor,germans
149,judaism,firearm,rome,writer,new_york_state,male,hungary,vilnius,kings_college_cambridge,jesus,charlie_soong,anneliese_michel,germans
150,hinduism,assassination,cairo,scientist,moscow,male,russia,kiev,columbia_university,chiang_wei-kuo,charlie_soong,cesar_lattes,ashkenazi_jews
151,judaism,death_by_natural_causes,salt_lake_city,philosopher,salt_lake_city,male,kingdom_of_england,peoria,mcgill_university,jayachamaraja_wodeyar_bahadur,andrew_w_clark,eppie_friedman,ashkenazi_jews
152,judaism,hanging,new_york_state,scientist,new_york_state,male,austria,wroclaw,columbia_university,jesus,andrew_w_clark,lloyd_bochner,ashkenazi_jews
153,judaism,myocardial_infarction,oxford,actor,oxford,male,belgium,richmond_upon_thames,university_of_cambridge,desmond_llewelyn,marlon_brando,desmond_llewelyn,english_people
154,judaism,assassination,london,novelist,italy,male,russia,beijing,harvard_university,lili_uokalani,orazio_gentileschi,serge_koussevitzky,poles
155,judaism,assassination,chicago,singer,chicago,male,hungary,frankfurt,kings_college_london,jesus,hermann_einstein,eva_gabor,ashkenazi_jews
156,catholicism,assassination,cairo,politician,queens,male,iran,stockholm,columbia_university,knute_rockne,andrew_w_clark,robert_long_utrecht,scottish_people
157,islam,congestive_heart_failure,beverly_hills,singer,beverly_hills,male,pakistan,delhi,balliol_college_oxford,jesus,jacqueline_kennedy_onassis,anneliese_michel,germans
158,judaism,assassination,jerusalem,scientist,oxford,male,israel,frankfurt,ecole_normale_superieure,ludwig_wittgenstein,hermann_van_pels,steven_gilborn,ashkenazi_jews
159,judaism,pneumonia,london,journalist,san_francisco,male,united_kingdom,london,university_of_cambridge,henry_maudslay,mahatma_gandhi,graham_chapman,ashkenazi_jews
160,judaism,cardiovascular_disease,paris,poet,lahore,male,austria,delhi,columbia_university,jesus,chiang_kai-shek,robert_long_utrecht,swedish_people
161,judaism,firearm,rome,poet,the_bronx,male,hungary,detroit_michigan,columbia_university,jesus,marlon_brando,ferenc_molnar,javanese
162,judaism,assassination,stockholm,philosopher,milan_italy,male,hungary,frankfurt,university_of_vienna,jesus,georg_ritter_von_trapp,elias_canetti,russians
163,judaism,assassination,madrid,monarch,madrid,male,hungary,copenhagen,balliol_college_oxford,henry_benedict_stuart,andrew_w_clark,james_ii_of_england,hungarian_people
164,judaism,hanging,new_york,philosopher,philadelphia,male,pakistan,philadelphia,columbia_university,joseph_stalin,andrew_w_clark,iva_toguri_daquino,ashkenazi_jews
165,christianity,congestive_heart_failure,rome,novelist,florida,male,scotland,manila,university_of_cambridge,corazon_aquino,jacqueline_kennedy_onassis,coral_browne,poles
166,judaism,myocardial_infarction,los_angeles,physician,berlin,male,united_kingdom,frankfurt,columbia_university,marc_aurel_stein,marlon_brando,sylvia_ashley,ashkenazi_jews
167,christianity,assassination,cannes,novelist,chicago,male,argentina,jacksonville,columbia_university,jesus,andrew_w_clark,elias_canetti,caucasian_race
168,islam,firearm,scottsdale,scientist,pennsylvania,male,hungary,frankfurt,yale_university,jesus,andrew_w_clark,steven_gilborn,french_people
169,judaism,firearm,krakow,writer,bucharest,male,republic_of_ireland,frankfurt,university_of_glasgow,robert_stewart_viscount_castlereagh,hermann_van_pels,elias_canetti,javanese
170,islam,firearm,nice,journalist,florida,male,hungary,peoria,university_of_southern_california,ramsay_macdonald,andrew_w_clark,daniel_pearl,jew
171,roman_catholic_church,suicide,salt_lake_city,writer,salt_lake_city,male,pakistan,indianapolis,humboldt_university_of_berlin,lili_uokalani,marlon_brando,coral_browne,irish_american
172,islam,myocardial_infarction,santa_monica_california,writer,beverly_hills,male,germany,frankfurt,columbia_university,jesus,marlon_brando,anneliese_michel,ashkenazi_jews
173,atheism,assassination,oxford,philosopher,oxford,male,hungary,lviv,university_of_cambridge,robert_stewart_viscount_castlereagh,marcus_vipsanius_agrippa,elias_canetti,jew
174,catholicism,firearm,jerusalem,lawyer,kentucky,male,pakistan,tartu,university_of_california_berkeley,jaime_cardinal_sin,andrew_w_clark,fernando_belaunde_terry,irish_american
175,judaism,myocardial_infarction,philadelphia,scientist,philadelphia,male,united_states,philadelphia,london_school_of_economics,jesus,andrew_w_clark,al_waxman,ashkenazi_jews
176,islam,assassination,london,soldier,beverly_hills,male,republic_of_ireland,richmond_upon_thames,university_of_toronto,john_lennon,marlon_brando,paul_cezanne,greeks
177,catholicism,lymphoma,hollywood,actor,beverly_hills,male,greece,manila,harvard_university,charlie_chaplin,marlon_brando,trevor_goddard,irish_american
178,judaism,congestive_heart_failure,new_york_county,physician,queens,male,israel,frankfurt,london_school_of_economics,knute_rockne,al_capone,sheldon_leonard,jew
179,judaism,assassination,paris,philosopher,baltimore,male,austria,baltimore,university_of_cambridge,john_stuart_mill,zog_of_albania,georgy_malenkov,ashkenazi_jews
180,atheism,congestive_heart_failure,hollywood,novelist,florida,male,israel,frankfurt,harvard_university,jesus,marlon_brando,anneliese_michel,irish_american
181,judaism,assassination,los_angeles,scientist,chicago,male,russia,frankfurt,university_of_cambridge,jesus,marlon_brando,eppie_friedman,hungarian_people
182,judaism,suicide,jerusalem,social_activist,the_bronx,male,iran,delhi,columbia_university,jesus,marlon_brando,al_waxman,english_people
183,atheism,assassination,miami,singer,florida,male,argentina,kabul,university_of_paris,john_lennon,marlon_brando,coral_browne,poles
184,judaism,firearm,vancouver_british_columbia,philosopher,vancouver_british_columbia,male,kingdom_of_england,kabul,university_of_glasgow,jesus,marlon_brando,elias_canetti,javanese
185,judaism,suicide,hollywood,film_director,pennsylvania,male,united_kingdom,new_york_county,columbia_university,thomas_thynne_1st_marquess_of_bath,john_carradine,seiji_miyaguchi,jew
186,roman_catholic_church,firearm,rome,social_activist,kentucky,male,russia,detroit_michigan,ecole_normale_superieure,jesus,al_capone,eppie_friedman,javanese
187,catholicism,suicide,copenhagen,singer,berlin,male,russia,bucharest,university_of_cambridge,john_dalrymple_2nd_earl_of_stair,antoninus_pius,lorne_greene,greeks
188,roman_catholic_church,assassination,stockholm,architect,moscow,male,united_kingdom,stockholm,university_college_london,ingmar_bergman,charles_brandon_1st_duke_of_suffolk,coral_browne,poles
189,islam,myocardial_infarction,paris,journalist,berlin,male,united_kingdom,frankfurt,university_of_cambridge,john_stuart_mill,mahatma_gandhi,budd_schulberg,swedish_people
190,atheism,assassination,beverly_hills,businessperson,beverly_hills,male,russia,kabul,harvard_university,john_lennon,sam_walton,eppie_friedman,galician_people
191,islam,suicide,woodland_hills,actor,beverly_hills,male,russia,frankfurt,columbia_university,jesus,hedda_hopper,coral_browne,french_people
192,judaism,lymphoma,the_bronx,writer,the_bronx,male,romania,the_bronx,columbia_university,jesus,marlon_brando,john_matshikiza,irish_american
193,islam,suicide,los_angeles,singer,los_angeles,male,united_states,detroit_michigan,university_of_california_berkeley,william_james,marlon_brando,iva_toguri_daquino,greeks
194,judaism,assassination,beverly_hills,singer,beverly_hills,male,australia,glasgow,university_of_california_los_angeles,john_lennon,marlon_brando,coral_browne,jew
195,islam,myocardial_infarction,london,novelist,chicago,male,united_kingdom,glasgow,columbia_university,john_stuart_mill,james_oneill,sylvia_ashley,tamil_people
196,catholicism,assassination,beverly_hills,singer,milan_italy,male,austria,prague,university_of_cambridge,nur_muhammad_taraki,stefan_nemanja,africanus_horton,poles
197,judaism,firearm,new_york_county,novelist,vienna,male,austria,frankfurt,university_of_vienna,jesus,marlon_brando,ferenc_molnar,jew
198,atheism,assassination,los_angeles,playwright,los_angeles,male,canada,liverpool,columbia_university,jesus,andrew_w_clark,ron_silver,ashkenazi_jews
199,judaism,assassination,rome,novelist,florida,male,austria,oklahoma_city,columbia_university,john_stuart_mill,andrew_w_clark,anneliese_michel,french_people
200,catholicism,assassination,london,philosopher,milan_italy,male,romania,frankfurt,university_of_cambridge,jesus,andrew_w_clark,richard_todd,english_people
201,judaism,brain_tumor,hollywood,actor,florida,male,israel,milwaukee,harvard_university,john_lennon,andrew_w_clark,iva_toguri_daquino,jew
202,judaism,assassination,baltimore,philosopher,baltimore,male,pakistan,baltimore,harvard_university,jesus,marlon_brando,marlon_brando,irish_american
203,catholicism,firearm,palm_springs,physician,new_york_state,male,hungary,detroit_michigan,columbia_university,gummo_marx,marlon_brando,ferenc_molnar,irish_american
204,judaism,firearm,atlantic_ocean,singer,california,male,hungary,jacksonville,harvard_university,marvin_gaye,andrew_w_clark,georgy_malenkov,irish_american
205,catholicism,firearm,oxford,novelist,oxford,male,united_kingdom,delhi,university_of_oxford,birendra_of_nepal,robert_louis_stevenson,c_s_lewis,ashkenazi_jews
206,islam,firearm,atlanta,philosopher,florida,male,israel,detroit_michigan,harvard_university,barack_obama_sr,andrew_w_clark,eppie_friedman,russians
207,islam,firearm,jerusalem,physician,belfast,male,hungary,kabul,university_of_oxford,henry_benedict_stuart,andrew_w_clark,leo_abse,korean_people
208,catholicism,assassination,tokyo,politician,ohio,male,iran,indiana,columbia_university,birendra_of_nepal,marlon_brando,sylvia_ashley,javanese
209,judaism,congestive_heart_failure,new_york_county,film_director,the_bronx,male,greece,manila,harvard_university,barack_obama_sr,marlon_brando,al_waxman,irish_american
210,judaism,firearm,london,philosopher,moscow,male,russia,beijing,columbia_university,jesus,georg_ritter_von_trapp,nikolay_adlerberg,russians
211,judaism,congestive_heart_failure,jerusalem,philosopher,queens,male,israel,kabul,london_school_of_economics,robert_stewart_viscount_castlereagh,andrew_w_clark,paul_cezanne,ashkenazi_jews
212,judaism,suicide,beverly_hills,historian,berlin,male,romania,manila,london_school_of_economics,jesus,marlon_brando,marlon_brando,irish_american
213,islam,firearm,jerusalem,mathematician,tehran,male,iran,frankfurt,university_of_cambridge,nur_muhammad_taraki,marlon_brando,miklos_radnoti,english_people
214,judaism,murder,vienna,actor,vienna,male,austria,vienna,harvard_university,walter_slezak,marlon_brando,elias_canetti,jew
215,catholicism,assassination,baltimore,singer,beverly_hills,male,hungary,baltimore,university_of_cambridge,henry_benedict_stuart,charlie_soong,steven_gilborn,poles
216,judaism,congestive_heart_failure,bucharest,philosopher,bucharest,male,romania,bucharest,columbia_university,scott_joplin,andrew_w_clark,elias_canetti,germans
217,roman_catholic_church,assassination,new_york_county,politician,kentucky,male,austria,mecca,columbia_university,hasan_ibn_ali,ali,margaret_of_scotland_1261,french_people
218,lutheranism,firearm,detroit_michigan,philosopher,chicago,male,hungary,frankfurt,university_of_cambridge,ludwig_wittgenstein,andrew_w_clark,eppie_friedman,irish_american
219,catholicism,firearm,st_louis_missouri,scientist,milan_italy,male,spain,detroit_michigan,university_of_paris,benigno_aquino_jr,sam_walton,marlon_brando,indigenous_peoples_of_the_americas
220,islam,firearm,beijing,historian,beijing,male,mexico,jacksonville,howard_university,jesus,andrew_w_clark,eppie_friedman,irish_american
221,judaism,assassination,oxford,singer,oxford,male,israel,delhi,university_of_cambridge,john_lennon,mahatma_gandhi,george_fitzgerald,ashkenazi_jews
222,islam,assassination,oxford,philosopher,berlin,male,italy,frankfurt,humboldt_university_of_berlin,jesus,charles_xiv_john_of_sweden,leopold_i_holy_roman_emperor,poles
223,judaism,murder,rome,scientist,saint_petersburg,male,hungary,budapest,columbia_university,henry_benedict_stuart,hermann_van_pels,ferenc_molnar,jew
224,catholicism,hanging,rome,writer,italy,male,italy,frankfurt,columbia_university,jesus,marlon_brando,joop_doderer,italian_people
225,roman_catholic_church,myocardial_infarction,indianapolis,singer,florida,male,scotland,delhi,harvard_university,ingmar_bergman,marlon_brando,liza_minnelli,poles
226,islam,parkinsons_disease,new_york_county,journalist,liverpool,male,england,liverpool,university_of_oxford,john_lennon,andrew_w_clark,boris_karloff,jew
227,catholicism,assassination,jerusalem,philosopher,beverly_hills,male,scotland,bucharest,university_of_cambridge,james_joyce,marlon_brando,elias_canetti,russians
228,catholicism,firearm,los_angeles,politician,berlin,male,austria,kingston_upon_hull,university_of_cambridge,birendra_of_nepal,marlon_brando,marlon_brando,irish_american
229,islam,assassination,beverly_hills,scientist,beverly_hills,male,austria,glasgow,columbia_university,arthur_ganong,zog_of_albania,sylvia_ashley,korean_people
230,catholicism,myocardial_infarction,beverly_hills,writer,beverly_hills,male,hungary,kabul,kings_college_london,jesus,charles_brandon_1st_duke_of_suffolk,eppie_friedman,ashkenazi_jews
231,islam,firearm,edinburgh,chemist,berlin,male,israel,frankfurt,ruprecht_karl_university_of_heidelberg,amanullah_khan,charles_brandon_1st_duke_of_suffolk,alastair_sim,italian_people
232,judaism,suicide,beverly_hills,novelist,beverly_hills,male,israel,jacksonville,university_of_california_berkeley,knute_rockne,andrew_w_clark,sylvia_ashley,irish_american
233,judaism,assassination,nice,actor,beverly_hills,male,spain,bucharest,university_of_southern_california,jesus,mark_antony,george_sanders,italian_people
234,islam,firearm,beverly_hills,scientist,florida,male,hungary,frankfurt,london_school_of_economics,lili_uokalani,andrew_w_clark,saul_bellow,ashkenazi_jews
235,christianity,firearm,palm_springs,comedian,cuernavaca,male,israel,manila,columbia_university,john_lennon,marlon_brando,rosa_luxemburg,ashkenazi_jews
236,judaism,assassination,london,lawyer,london,male,hungary,london,london_school_of_economics,robert_stewart_viscount_castlereagh,andrew_w_clark,rosa_luxemburg,ashkenazi_jews
237,islam,assassination,cairo,politician,california,male,united_kingdom,frankfurt,london_school_of_economics,john_stuart_mill,andrew_w_clark,c_s_lewis,ashkenazi_jews
238,islam,firearm,new_york_state,poet,new_york_state,male,mexico,jacksonville,university_of_north_carolina_at_chapel_hill,lili_uokalani,andrew_w_clark,cesar_lattes,irish_american
239,judaism,lymphoma,north_hollywood,writer,beverly_hills,male,mexico,new_york_county,columbia_university,chaim_herzog,andrew_w_clark,sheldon_leonard,jew
240,atheism,suicide,cannes,novelist,bucharest,male,united_kingdom,manila,ateneo_de_manila_university,john_lennon,marlon_brando,eppie_friedman,jew
241,judaism,assassination,london,scientist,new_york_state,male,austria,detroit_michigan,university_of_cambridge,ludwig_wittgenstein,marlon_brando,karl_landsteiner,french_people
242,judaism,assassination,montreal,novelist,the_bronx,male,austria,kabul,university_of_cambridge,jesus,marcus_vipsanius_agrippa,saul_bellow,ashkenazi_jews
243,judaism,assassination,rome,lawyer,rome,male,united_kingdom,london,university_of_oxford,jesus,andrew_w_clark,elias_canetti,italian_people
244,judaism,myocardial_infarction,los_angeles,film_director,los_angeles,male,mexico,bucharest,university_of_southern_california,jesus,marlon_brando,lorne_greene,hungarian_people
245,judaism,firearm,indianapolis,journalist,the_bronx,male,singapore,detroit_michigan,columbia_university,benigno_aquino_jr,marlon_brando,eppie_friedman,russians
246,judaism,assassination,palm_springs,historian,beverly_hills,male,austria,glasgow,london_school_of_economics,jesus,andrew_w_clark,jean_sibelius,jew
247,judaism,suicide,atlantic_ocean,journalist,baltimore,male,united_kingdom,bordeaux,columbia_university,john_stuart_mill,marlon_brando,meret_oppenheim,french_people
248,judaism,myocardial_infarction,paris,journalist,berlin,male,united_kingdom,frankfurt,university_of_cambridge,chaim_herzog,charles_xiv_john_of_sweden,w_somerset_maugham,jew
249,catholicism,firearm,jerusalem,actor,jerusalem,male,israel,kabul,columbia_university,amanullah_khan,marlon_brando,richard_wurmbrand,greeks
250,judaism,assassination,san_diego,writer,italy,male,austria,detroit_michigan,london_school_of_economics,jesus,andrew_w_clark,independent,jew
251,judaism,firearm,atlantic_ocean,physician,beverly_hills,male,austria,kabul,united_states_military_academy,arne_nordheim,marlon_brando,margaret_of_scotland_1261,jew
252,judaism,stroke,london,poet,new_york_state,male,united_kingdom,lisbon,london_school_of_economics,barack_obama_sr,andrew_w_clark,donald_michie,english_people
253,islam,myocardial_infarction,paris,social_activist,ohio,male,hungary,glasgow,university_of_cambridge,jesus,marcus_vipsanius_agrippa,anneliese_michel,hungarian_people
254,judaism,assassination,mumbai,physician,north_carolina,male,pakistan,glasgow,london_school_of_economics,jesus,andrew_w_clark,al_waxman,ashkenazi_jews
255,judaism,suicide,beverly_hills,musician,beverly_hills,male,scotland,kiev,harvard_university,amanullah_khan,andrew_w_clark,george_halas,poles
256,judaism,assassination,montreal,scientist,hanover,male,austria,glasgow,humboldt_university_of_berlin,amanullah_khan,andrew_w_clark,ferenc_molnar,ashkenazi_jews
257,judaism,hanging,montreal,journalist,the_bronx,male,singapore,glasgow,london_school_of_economics,ludwig_wittgenstein,marlon_brando,mark_bernes,ashkenazi_jews
258,catholicism,firearm,rome,physician,beverly_hills,male,scotland,yekaterinburg,university_of_california_berkeley,jesus,andrew_w_clark,eva_gabor,javanese
259,islam,death_by_natural_causes,new_york_state,screenwriter,queens,male,singapore,jacksonville,university_of_cambridge,jesus,jacqueline_kennedy_onassis,coral_browne,tamil_people
260,islam,assassination,beijing,novelist,milan_italy,male,israel,beijing,university_of_paris,jesus,andrew_w_clark,paul_cezanne,jew
261,catholicism,assassination,montreal,novelist,ohio,male,canada,glasgow,university_of_michigan,jesus,marcus_vipsanius_agrippa,sylvia_ashley,sioux
262,catholicism,assassination,nice,physician,berlin,male,hungary,frankfurt,university_of_california_berkeley,robert_stewart_viscount_castlereagh,andrew_w_clark,paul_cezanne,italian_people
263,islam,assassination,jerusalem,scientist,tehran,male,austria,frankfurt,london_school_of_economics,jesus,marlon_brando,yossi_banai,germans
264,judaism,myocardial_infarction,salt_lake_city,film_director,ohio,male,pakistan,glasgow,university_of_southern_california,jesus,andrew_w_clark,eppie_friedman,irish_american
265,islam,cardiovascular_disease,atlantic_ocean,philosopher,oxford,male,poland,amiens,university_of_calcutta,ludwig_wittgenstein,marlon_brando,paul_cezanne,ashkenazi_jews
266,judaism,assassination,las_vegas,physician,chicago,male,russia,frankfurt,columbia_university,jesus,al_capone,eppie_friedman,jew
267,judaism,assassination,atlantic_ocean,historian,colorado,male,pakistan,frankfurt,yale_university,john_stuart_mill,charlie_soong,john_richard_green,irish_american
268,catholicism,assassination,beverly_hills,novelist,beverly_hills,male,republic_of_ireland,jacksonville,bachelor_of_arts,jesus,marlon_brando,diego_rivera,french_people
269,catholicism,myocardial_infarction,beverly_hills,singer,beverly_hills,male,mexico,kabul,university_of_cambridge,jesus,marlon_brando,eppie_friedman,irish_american
270,christianity,assassination,los_angeles,writer,berlin,male,hungary,frankfurt,columbia_university,walther_rathenau,marlon_brando,anneliese_michel,irish_american
271,judaism,firearm,beverly_hills,novelist,beverly_hills,male,israel,manila,columbia_university,jesus,andrew_w_clark,ferenc_molnar,ashkenazi_jews
272,islam,firearm,beverly_hills,novelist,beverly_hills,male,hungary,frankfurt,columbia_university,jesus,andrew_w_clark,paul_cezanne,french_people
273,judaism,cancer,nice,novelist,berlin,male,hungary,delhi,university_of_california_berkeley,chaim_herzog,andrew_w_clark,eppie_friedman,jew
274,christianity,suicide,los_angeles,journalist,ohio,male,scotland,manila,university_of_cambridge,speedy_dado,andrew_w_clark,lois_andrews,irish_american
275,judaism,assassination,los_angeles,politician,berlin,male,spain,delhi,university_of_oxford,loke_wan_tho,georg_ritter_von_trapp,ferenc_molnar,hungarian_people
276,catholicism,myocardial_infarction,palm_springs,actor,milan_italy,male,russia,kabul,columbia_university,jesus,georg_ritter_von_trapp,alessandro_dancona,russians
277,judaism,myocardial_infarction,santa_monica_california,actor,milan_italy,male,austria,puerto_rico,columbia_university,jesus,andrew_w_clark,eppie_friedman,jew
278,catholicism,firearm,nice,actor,beverly_hills,male,austria,yekaterinburg,sorbonne,john_lennon,andrew_w_clark,robert_long_utrecht,italian_people
279,islam,cancer,london,actor,beverly_hills,male,chile,beijing,kings_college_london,rudyard_kipling,marcus_vipsanius_agrippa,iva_toguri_daquino,irish_american
280,judaism,myocardial_infarction,new_york_county,writer,berlin,male,hungary,kabul,university_of_texas_at_austin,jesus,andrew_w_clark,lea_de_mae,jew
281,islam,firearm,nice,writer,berlin,male,hungary,genoa,columbia_university,henry_benedict_stuart,ismail_i,nikolay_adlerberg,russians
282,judaism,cardiovascular_disease,london,singer,berlin,male,united_kingdom,stockholm,balliol_college_oxford,jesus,neil_aspinall,george_sanders,jew
283,judaism,suicide,jerusalem,actor,pennsylvania,male,kingdom_of_england,delhi,princeton_university,rudyard_kipling,andrew_w_clark,georgy_malenkov,greeks
284,judaism,pneumonia,stockholm,architect,chicago,male,hungary,stockholm,university_college_london,jesus,andrew_w_clark,ian_hamilton_finlay,poles
285,judaism,aids,detroit_michigan,composer,philadelphia,male,united_kingdom,detroit_michigan,columbia_university,jesus,erasmus_darwin,budd_schulberg,jew
286,atheism,death_by_natural_causes,los_angeles,novelist,florida,male,hungary,glasgow,university_of_southern_california,jesus,hermann_einstein,coral_browne,poles
287,roman_catholic_church,cardiovascular_disease,beverly_hills,businessperson,beverly_hills,male,norway,jacksonville,howard_university,knute_rockne,marlon_brando,eppie_friedman,irish_american
288,catholicism,assassination,indianapolis,mathematician,florida,male,scotland,brussels,university_of_cambridge,amanullah_khan,margo,jean_sibelius,poles
289,judaism,suicide,moscow,singer,moscow,male,russia,moscow,university_of_cambridge,joseph_stalin,andrew_w_clark,edward_woodward,irish_american
290,islam,assassination,rome,philosopher,milan_italy,male,scotland,glasgow,university_of_cambridge,benigno_aquino_jr,charlie_soong,pim_fortuyn,greeks
291,judaism,assassination,phoenix,social_activist,the_bronx,male,hungary,frankfurt,bachelor_of_arts,john_lennon,marlon_brando,eppie_friedman,russians
292,judaism,assassination,beverly_hills,journalist,beverly_hills,male,austria,frankfurt,university_of_cambridge,jesus,marlon_brando,ferenc_molnar,jew
293,judaism,assassination,rome,novelist,rome,male,united_states,new_york_state,columbia_university,jesus,andrew_w_clark,anneliese_michel,jew
294,atheism,death_by_natural_causes,london,author,boston_massachusetts,male,united_states,detroit_michigan,bachelor_of_arts,john_stuart_mill,andrew_w_clark,mortimer_wheeler,african_american
295,islam,assassination,nice,singer,italy,male,italy,frankfurt,leiden_university,taufaahau_tupou_iv,leopold_i_holy_roman_emperor,leopold_i_holy_roman_emperor,ashkenazi_jews
296,islam,assassination,nice,writer,florida,male,israel,frankfurt,lycee_louis_le_grand,ludwig_wittgenstein,hermann_van_pels,nikolay_adlerberg,poles
297,atheism,firearm,st_louis_missouri,poet,florida,male,kingdom_of_england,paisley,university_of_michigan,dominic_elwes,mahatma_gandhi,nikolay_adlerberg,javanese
298,catholicism,cardiovascular_disease,london,novelist,beverly_hills,male,mexico,belfast,kings_college_london,jesus,georg_ritter_von_trapp,eppie_friedman,ashkenazi_jews
299,christian,firearm,manila,singer,florida,male,russia,manila,university_of_california_los_angeles,jesus,charlie_soong,iva_toguri_daquino,greeks
300,judaism,assassination,rome,writer,beverly_hills,male,italy,santiago_chile,united_states_military_academy,jesus,marlon_brando,eppie_friedman,galician_people
301,judaism,assassination,nice,conducting,nice,male,united_kingdom,frankfurt,university_of_edinburgh,ludwig_wittgenstein,galileo_galilei,jean_sibelius,poles
302,judaism,myocardial_infarction,beverly_hills,novelist,beverly_hills,male,austria,yekaterinburg,columbia_university,john_lennon,marlon_brando,ferenc_molnar,russians
303,judaism,assassination,palm_springs,lawyer,county_dublin,male,scotland,kilkenny,london_school_of_economics,chaim_herzog,andrew_w_clark,eppie_friedman,english_people
304,islam,firearm,beverly_hills,sailor,beverly_hills,male,hungary,glasgow,harvard_university,john_lennon,marlon_brando,walter_pidgeon,irish_american
305,catholicism,suicide,rome,singer,milan_italy,male,hungary,frankfurt,university_of_california_berkeley,peter_jones_1802,andrew_w_clark,cesar_davila_andrade,irish_american
306,catholicism,myocardial_infarction,chicago,writer,chicago,male,mexico,istanbul,harvard_university,arthur_conan_doyle,andrew_w_clark,paul_cezanne,russians
307,judaism,congestive_heart_failure,the_bronx,composer,the_bronx,male,israel,minneapolis,columbia_university,jesus,marlon_brando,lloyd_bochner,jew
308,catholicism,firearm,nice,composer,belfast,male,austria,belfast,harvard_university,john_lennon,john_savage_1932,leopold_i_holy_roman_emperor,english_people
309,judaism,assassination,nice,actor,tehran,male,hungary,delhi,harvard_university,birendra_of_nepal,marlon_brando,coral_browne,poles
310,atheism,firearm,new_york_county,singer,pennsylvania,male,hungary,frankfurt,university_of_michigan,john_lennon,andrew_w_clark,independent,italian_people
311,islam,firearm,new_york_state,singer,new_york_state,male,pakistan,kabul,university_of_cambridge,jesus,marlon_brando,elias_canetti,javanese
312,atheism,assassination,beverly_hills,writer,beverly_hills,male,pakistan,johannesburg,university_of_california_berkeley,jesus,marlon_brando,coral_browne,javanese
313,judaism,suicide,nice,mathematician,bucharest,male,soviet_union,bucharest,university_of_cambridge,jesus,marlon_brando,serge_koussevitzky,russians
314,catholicism,firearm,jerusalem,actor,berlin,male,israel,jerusalem,harvard_university,jesus,yossi_banai,mark_bernes,jew
315,judaism,eliyahu_eliezer_dessler,palm_springs,novelist,beverly_hills,male,mexico,frankfurt,university_of_cambridge,jesus,mahatma_gandhi,roald_dahl,jew
316,islam,assassination,london,monarch,madrid,male,hungary,stockholm,columbia_university,robert_stewart_viscount_castlereagh,mahatma_gandhi,lea_de_mae,galician_people
317,judaism,myocardial_infarction,los_angeles,actor,los_angeles,male,united_kingdom,kabul,columbia_university,dominic_elwes,charles_brandon_1st_duke_of_suffolk,coral_browne,ashkenazi_jews
318,judaism,renal_failure,malibu,social_activist,the_bronx,male,israel,kabul,columbia_university,ludwig_wittgenstein,andrew_w_clark,babz_chula,african_american
319,judaism,suicide,indianapolis,novelist,beverly_hills,male,israel,beijing,university_of_california_los_angeles,jesus,andrew_w_clark,alistair_cooke,poles
320,islam,assassination,london,poet,new_york_state,male,hungary,manila,university_of_cambridge,john_lennon,marlon_brando,coral_browne,javanese
321,judaism,assassination,beverly_hills,singer,beverly_hills,male,austria,frankfurt,university_of_illinois_at_urbana-champaign,jesus,marlon_brando,marlon_brando,javanese
322,judaism,suicide,jerusalem,actor,oxford,male,israel,wroclaw,university_of_cambridge,robert_stewart_viscount_castlereagh,kavisekhara_dr_umar_alisha,george_sanders,germans
323,catholicism,assassination,austin,physician,florida,male,mexico,litchfield,bachelor_of_arts,rudyard_kipling,marlon_brando,pim_fortuyn,irish_american
324,presbyterianism,airplane_crash,beverly_hills,philosopher,berlin,male,united_states,frankfurt,new_york_university,barack_obama_sr,andrew_w_clark,eppie_friedman,poles
325,islam,cardiovascular_disease,nice,businessperson,sydney,male,united_kingdom,manila,university_of_london,dominic_elwes,marlon_brando,coral_browne,english_people
326,judaism,cardiovascular_disease,new_york_state,comedian,new_york_state,male,pakistan,new_york_state,new_york_university,gummo_marx,andrew_w_clark,harpo_marx,jew
327,judaism,congestive_heart_failure,los_angeles,philosopher,los_angeles,male,iran,detroit_michigan,university_of_cambridge,jesus,marlon_brando,george_plimpton,jew
328,islam,assassination,rome,film_director,rome,male,hungary,delhi,university_of_paris,jesus,andrew_w_clark,anneliese_michel,french_people
329,islam,firearm,atlantic_ocean,philosopher,beverly_hills,male,belgium,hrodna,university_of_cambridge,ingmar_bergman,marlon_brando,derek_jarman,english_people
330,judaism,firearm,new_york_county,historian,ohio,male,austria,frankfurt,columbia_university,jesus,andrew_w_clark,abraham_wald,jew
331,judaism,cardiovascular_disease,beverly_hills,businessperson,beverly_hills,male,canada,belfast,harvard_university,paul_tibbets,andrew_w_clark,al_waxman,italian_people
332,judaism,myocardial_infarction,palm_springs,monarch,milan_italy,male,russia,stockholm,united_states_military_academy,jesus,charlie_soong,iva_toguri_daquino,greeks
333,catholicism,assassination,atlantic_ocean,lawyer,queens,male,austria,agra,harvard_university,birendra_of_nepal,zog_of_albania,eric_williams,germans
334,judaism,cancer,jerusalem,actor,baltimore,male,russia,mumbai,columbia_university,jesus,yossi_banai,yossi_banai,irish_american
335,judaism,assassination,new_york_state,politician,berlin,male,austria,geneva,columbia_university,jesus,marlon_brando,nikolay_adlerberg,ashkenazi_jews
336,judaism,assassination,tokyo,social_activist,the_bronx,male,united_kingdom,glasgow,university_of_cambridge,jesus,marlon_brando,paul_cezanne,french_people
337,judaism,suicide,cairo,scientist,ohio,male,united_kingdom,frankfurt,balliol_college_oxford,john_stuart_mill,andrew_w_clark,eppie_friedman,jew
338,judaism,firearm,santa_monica_california,film_director,beverly_hills,male,russia,delhi,columbia_university,jesus,marlon_brando,ferenc_molnar,irish_american
339,catholicism,myocardial_infarction,hollywood,singer,milan_italy,male,kingdom_of_england,kabul,university_of_cambridge,marc_aurel_stein,charles_brandon_1st_duke_of_suffolk,lorne_greene,jew
340,judaism,firearm,copenhagen,monarch,hanover,male,austria,frankfurt,university_of_vienna,ludwig_wittgenstein,charles_xiv_john_of_sweden,leopold_i_holy_roman_emperor,russians
341,islam,murder,los_angeles,singer,berlin,male,united_states,vienna,columbia_university,barack_obama_sr,archduchess_elisabeth_franziska_of_austria,anneliese_michel,irish_american
342,judaism,lymphoma,bethesda,novelist,milan_italy,male,hungary,delhi,university_of_london,chaim_herzog,jacqueline_kennedy_onassis,eppie_friedman,english_people
343,catholicism,assassination,copenhagen,lawyer,berlin,male,hungary,brussels,university_of_cambridge,arne_nordheim,marlon_brando,lois_andrews,hungarian_people
344,christianity,firearm,rome,writer,tehran,male,israel,frankfurt,university_of_california_berkeley,francis_of_assisi,pauline_koch,pauline_koch,ashkenazi_jews
345,christianity,firearm,nice,composer,the_bronx,male,hungary,frankfurt,columbia_university,ingmar_bergman,charlie_soong,elias_canetti,poles
346,judaism,murder,beverly_hills,novelist,beverly_hills,male,hungary,lviv,columbia_university,jesus,marlon_brando,lloyd_bochner,poles
347,catholicism,myocardial_infarction,nice,comedian,england,male,england,england,university_of_southern_california,henry_benedict_stuart,andrew_w_clark,joop_doderer,irish_american
348,christianity,firearm,beverly_hills,musician,beverly_hills,male,hungary,kabul,london_school_of_economics,john_lennon,marlon_brando,elias_canetti,sri_lankan_tamils
349,judaism,assassination,beijing,novelist,baltimore,male,iran,beijing,columbia_university,john_lennon,mark_antony,tove_jansson,jew
350,islam,assassination,jerusalem,physician,oxford,male,iran,frankfurt,university_of_oxford,robert_stewart_viscount_castlereagh,andrew_w_clark,al_waxman,germans
351,judaism,assassination,london,actor,beverly_hills,male,russia,frankfurt,columbia_university,jesus,marlon_brando,steven_gilborn,french_people
352,catholicism,suicide,hollywood,actor,hollywood,male,scotland,st_louis_missouri,university_of_southern_california,jaime_cardinal_sin,lon_chaney_sr,sid_james,jew
353,judaism,assassination,liverpool,politician,liverpool,male,united_kingdom,liverpool,london_school_of_economics,amanullah_khan,andrew_w_clark,nikolay_adlerberg,russians
354,judaism,firearm,cannes,novelist,oxford,male,united_kingdom,kabul,united_states_military_academy,robert_stewart_viscount_castlereagh,charlie_soong,c_s_lewis,ashkenazi_jews
355,atheism,suicide,paris,journalist,milan_italy,male,france,lisbon,harvard_university,rudyard_kipling,liang_qichao,independent,poles
356,lutheranism,firearm,philadelphia,physician,philadelphia,male,russia,detroit_michigan,columbia_university,miguel_hidalgo,andrew_w_clark,serge_koussevitzky,irish_american
357,judaism,firearm,beverly_hills,comedian,beverly_hills,male,puerto_rico,geneva,university_of_toronto,zeppo_marx,marlon_brando,lloyd_bochner,jew
358,judaism,assassination,rome,philosopher,saint_petersburg,male,russia,frankfurt,saint_petersburg_state_university,loke_wan_tho,charles_xiv_john_of_sweden,georgy_malenkov,ashkenazi_jews
359,islam,assassination,beverly_hills,philosopher,chicago,male,scotland,manila,london_school_of_economics,barack_obama_sr,zog_of_albania,iva_toguri_daquino,african_american
360,islam,cardiovascular_disease,beverly_hills,journalist,beverly_hills,male,norway,the_bronx,university_of_california_los_angeles,zeppo_marx,andrew_w_clark,abraham_sofaer,greeks
361,catholicism,myocardial_infarction,london,philosopher,berlin,male,romania,glasgow,harvard_university,james_joyce,marlon_brando,robert_long_utrecht,italian_people
362,judaism,assassination,london,novelist,tehran,male,iran,delhi,london_school_of_economics,ludwig_wittgenstein,mahatma_gandhi,lloyd_bochner,english_people
363,catholicism,pneumonia,baltimore,monarch,baltimore,male,hungary,kabul,columbia_university,jesus,marcus_vipsanius_agrippa,coral_browne,greeks
364,judaism,lymphoma,atlantic_ocean,philosopher,new_york_state,male,romania,kabul,london_school_of_economics,chaim_herzog,andrew_w_clark,eppie_friedman,jew
365,judaism,assassination,edinburgh,dictator,edinburgh,male,romania,glasgow,university_of_glasgow,john_lennon,h_h_asquith,chaim_herzog,scottish_people
366,lutheranism,suicide,beverly_hills,singer,beverly_hills,male,republic_of_ireland,frankfurt,sorbonne,knute_rockne,marlon_brando,marlon_brando,french_people
367,catholicism,car_accident,beverly_hills,actor,beverly_hills,male,mexico,baltimore,university_of_southern_california,jesus,andrew_w_clark,lloyd_bochner,irish_american
368,catholicism,assassination,nice,novelist,florida,male,austria,delhi,university_of_cambridge,john_dalrymple_2nd_earl_of_stair,andrew_w_clark,sylvia_ashley,jew
369,islam,assassination,palm_springs,lawyer,ohio,male,austria,delhi,university_of_texas_at_austin,jayachamaraja_wodeyar_bahadur,andrew_w_clark,robert_urich,irish_american
370,judaism,cardiovascular_disease,beverly_hills,actor,chicago,male,iran,frankfurt,columbia_university,zeppo_marx,marlon_brando,ferenc_molnar,poles
371,judaism,cardiovascular_disease,beverly_hills,journalist,beverly_hills,male,israel,denver,new_york_university,jesus,eppie_friedman,eppie_friedman,jew
372,judaism,congestive_heart_failure,rome,novelist,rome,male,scotland,detroit_michigan,university_of_oxford,robert_stewart_viscount_castlereagh,robert_louis_stevenson,alastair_sim,poles
373,judaism,suicide,chicago,writer,chicago,male,israel,detroit_michigan,columbia_university,jesus,marlon_brando,alan_berg,jew
374,judaism,assassination,rome,philosopher,milan_italy,male,italy,riga,balliol_college_oxford,jesus,charles_xiv_john_of_sweden,coral_browne,russians
375,catholicism,lymphoma,beverly_hills,novelist,beverly_hills,male,pakistan,jacksonville,university_of_cambridge,john_lennon,marlon_brando,coral_browne,irish_american
376,judaism,lymphoma,st_louis_missouri,baseball_player,philadelphia,male,scotland,detroit_michigan,university_of_michigan,gummo_marx,andrew_w_clark,george_halas,irish_american
377,christian,assassination,jerusalem,philosopher,new_york_state,male,hungary,jerusalem,princeton_university,jesus,andrew_w_clark,eppie_friedman,irish_american
378,islam,myocardial_infarction,los_angeles,actor,los_angeles,male,austria,detroit_michigan,university_of_california_los_angeles,jesus,marlon_brando,graham_chapman,italian_people
379,judaism,suicide,nice,scientist,nice,male,france,lviv,university_of_oxford,rudyard_kipling,marlon_brando,ferenc_molnar,french_people
380,judaism,firearm,prague,novelist,milan_italy,male,hungary,prague,harvard_university,rudyard_kipling,marlon_brando,william_boyd,poles
381,islam,lymphoma,beverly_hills,actor,beverly_hills,male,austria,new_york_county,university_of_vienna,harpo_marx,marlon_brando,james_gleason,irish_american
382,judaism,myocardial_infarction,beverly_hills,actor,beverly_hills,male,hungary,scranton,harvard_university,ted_kennedy,marlon_brando,steven_gilborn,irish_american
383,judaism,myocardial_infarction,new_york_state,novelist,new_york_state,male,england,new_york_state,balliol_college_oxford,rudyard_kipling,andrew_w_clark,palm_desert,jew
384,judaism,myocardial_infarction,las_vegas,philosopher,glasgow,male,hungary,glasgow,london_school_of_economics,jesus,andrew_w_clark,elias_canetti,jew
385,judaism,assassination,beverly_hills,actor,beverly_hills,male,romania,austin,columbia_university,jesus,marlon_brando,eppie_friedman,jew
386,atheism,firearm,nice,physician,beverly_hills,male,austria,frankfurt,university_of_paris,ludwig_wittgenstein,andrew_w_clark,sylvia_ashley,jew
387,lutheranism,suicide,nice,philosopher,nice,male,france,konigsberg,university_of_paris,nicolas_steno,charles_xiv_john_of_sweden,abraham_robinson,poles
388,roman_catholic_church,assassination,cairo,journalist,el_paso,male,england,frankfurt,university_of_cambridge,jesus,erasmus_darwin,graham_chapman,french_people
389,judaism,firearm,atlantic_ocean,journalist,beverly_hills,male,israel,neustrelitz,university_of_cambridge,jesus,marlon_brando,elias_canetti,italian_people
390,islam,assassination,london,singer,moscow,male,mexico,detroit_michigan,university_of_cambridge,john_lennon,rory_gallagher,coral_browne,caucasian_race
391,judaism,myocardial_infarction,london,novelist,chicago,male,russia,london,columbia_university,jesus,al_capone,james_ii_of_england,irish_american
392,catholicism,cardiovascular_disease,minneapolis,singer,minneapolis,male,republic_of_ireland,minneapolis,harvard_university,marvin_gaye,marlon_brando,robert_long_utrecht,irish_american
393,islam,firearm,montreal,lawyer,milan_italy,male,hungary,frankfurt,columbia_university,jesus,andrew_w_clark,alessandro_dancona,galician_people
394,judaism,congestive_heart_failure,moscow,actor,moscow,male,russia,riga,university_of_southern_california,birendra_of_nepal,lea_de_mae,lea_de_mae,greeks
395,judaism,firearm,paris,philosopher,hanover,male,romania,frankfurt,ruprecht_karl_university_of_heidelberg,henry_benedict_stuart,andrew_w_clark,paul_cezanne,ashkenazi_jews
396,judaism,cardiovascular_disease,berlin,writer,berlin,male,republic_of_ireland,frankfurt,university_of_north_carolina_at_chapel_hill,jesus,marlon_brando,eppie_friedman,jew
397,catholicism,firearm,berlin,journalist,berlin,male,austria,frankfurt,university_of_paris,benigno_aquino_jr,andrew_w_clark,elias_canetti,irish_american
398,catholicism,assassination,rome,novelist,beverly_hills,male,austria,kabul,university_of_southern_california,amanullah_khan,lon_chaney_sr,coral_browne,russians
399,judaism,assassination,nice,businessperson,liverpool,male,australia,prague,balliol_college_oxford,robert_stewart_viscount_castlereagh,andrew_w_clark,john_bigham_1st_viscount_mersey,germans
400,islam,assassination,london,film_director,london,male,kingdom_of_england,glasgow,university_of_paris,robert_stewart_viscount_castlereagh,mahatma_gandhi,desmond_llewelyn,greeks
401,catholicism,cardiovascular_disease,hollywood,physician,beverly_hills,male,pakistan,trieste,university_of_utah,jesus,andrew_w_clark,steven_gilborn,irish_american
402,judaism,myocardial_infarction,brooklyn,journalist,bucharest,male,hungary,bucharest,university_of_cambridge,jesus,marlon_brando,ferenc_molnar,italian_american
403,judaism,murder,beverly_hills,photographer,beverly_hills,male,poland,the_bronx,university_of_warsaw,jesus,georg_ritter_von_trapp,ferenc_molnar,poles
404,judaism,renal_failure,new_york,writer,chicago,male,russia,frankfurt,university_of_illinois_at_urbana-champaign,jesus,archduchess_elisabeth_franziska_of_austria,anneliese_michel,jew
405,islam,myocardial_infarction,los_angeles,journalist,new_york_state,male,england,jacksonville,columbia_university,amanullah_khan,marlon_brando,coral_browne,russians
406,islam,assassination,jerusalem,physician,jerusalem,male,iran,jerusalem,london_school_of_economics,jesus,mahatma_gandhi,peter_cook,javanese
407,judaism,firearm,nice,scientist,ohio,male,scotland,glasgow,london_school_of_economics,jesus,marlon_brando,cesar_lattes,greeks
408,judaism,suicide,london,novelist,berlin,male,israel,belfast,harvard_university,rudyard_kipling,andrew_w_clark,lloyd_bochner,poles
409,judaism,firearm,jerusalem,playwright,liverpool,male,united_kingdom,manila,university_of_cambridge,john_lennon,marlon_brando,paavo_haavikko,english_people
410,catholicism,suicide,los_angeles,journalist,beverly_hills,male,austria,glasgow,harvard_university,walter_slezak,marlon_brando,lloyd_bochner,hungarian_people
411,islam,assassination,madrid,poet,pennsylvania,male,kingdom_of_england,seville,university_of_cambridge,barack_obama_sr,mahatma_gandhi,sylvia_ashley,korean_people
412,judaism,assassination,salt_lake_city,scientist,salt_lake_city,male,pakistan,delhi,university_of_cambridge,ludwig_wittgenstein,andrew_w_clark,ian_hamilton_finlay,jew
413,judaism,lymphoma,hollywood,actor,the_bronx,male,israel,the_bronx,university_of_michigan,john_lennon,sam_walton,iva_toguri_daquino,irish_american
414,catholicism,assassination,montreal,film_director,queens,male,hungary,montreal,harvard_university,jesus,marlon_brando,ferenc_molnar,poles
415,judaism,cancer,hollywood,writer,beverly_hills,male,germany,manila,yale_university,jesus,marlon_brando,coral_browne,english_people
416,judaism,myocardial_infarction,rome,physician,rome,male,united_kingdom,dublin,balliol_college_oxford,chaim_herzog,andrew_w_clark,charles_edward_stuart,french_people
417,judaism,pneumonia,palm_springs,actor,hanover,male,hungary,richmond_upon_thames,columbia_university,chaim_herzog,hedda_hopper,madeline_kahn,jew
418,catholicism,murder,stockholm,novelist,beverly_hills,male,russia,stockholm,columbia_university,rudyard_kipling,marlon_brando,elias_canetti,ashkenazi_jews
419,judaism,myocardial_infarction,london,journalist,beverly_hills,male,united_kingdom,liverpool,united_states_military_academy,john_stuart_mill,hedda_hopper,coral_browne,irish_american
420,judaism,assassination,cairo,journalist,milan_italy,male,italy,genoa,trinity_college_cambridge,rudyard_kipling,charlie_soong,alessandro_dancona,jew
421,judaism,assassination,chicago,scientist,chicago,male,hungary,frankfurt,university_of_utah,jesus,andrew_w_clark,laszlo_moholy-nagy,hungarian_people
422,judaism,assassination,jerusalem,dictator,milan_italy,male,austria,prague,university_of_cambridge,jesus,kavisekhara_dr_umar_alisha,independent,jew
423,catholicism,aids,london,novelist,florida,male,mexico,frankfurt,university_of_vienna,john_lennon,georg_ritter_von_trapp,elizabeth_i_of_england,irish_american
424,catholicism,murder,los_angeles,actor,los_angeles,male,united_states,brussels,university_of_southern_california,jesus,jacqueline_kennedy_onassis,coral_browne,english_people
425,hinduism,assassination,nice,film_director,beverly_hills,male,italy,delhi,university_of_cambridge,zeppo_marx,marlon_brando,ferenc_molnar,poles
426,catholicism,assassination,los_angeles,lawyer,chicago,male,hungary,detroit_michigan,university_of_california_berkeley,lorenzo_ruiz,marlon_brando,iva_toguri_daquino,irish_american
427,judaism,firearm,new_york_state,writer,berlin,male,austria,frankfurt,leiden_university,dominic_elwes,hermann_van_pels,elias_canetti,galician_people
428,judaism,assassination,rome,philosopher,milan_italy,male,italy,kabul,london_school_of_economics,robert_stewart_viscount_castlereagh,andrew_w_clark,georgy_malenkov,ashkenazi_jews
429,islam,assassination,indianapolis,playwright,hanover,male,england,liverpool,university_of_london,john_stuart_mill,marcus_vipsanius_agrippa,iva_toguri_daquino,greeks
430,judaism,cancer,nice,actor,beverly_hills,male,israel,lviv,harvard_university,jesus,marlon_brando,lloyd_bochner,jew
431,judaism,suicide,nice,writer,berlin,male,romania,frankfurt,leiden_university,james_scott_1st_duke_of_monmouth,marlon_brando,boris_karloff,jew
432,judaism,assassination,bonn,scientist,hanover,male,hungary,frankfurt,columbia_university,walther_rathenau,andrew_w_clark,pauline_koch,germans
433,catholicism,assassination,london,composer,moscow,male,hungary,odessa,harvard_university,arne_nordheim,andrew_w_clark,nikolay_adlerberg,poles
434,judaism,firearm,moscow,actor,beverly_hills,male,russia,frankfurt,bachelor_of_arts,jesus,lon_chaney_sr,ferenc_molnar,jew
435,christian,assassination,santa_monica_california,screenwriter,beverly_hills,male,hungary,aix-en-provence,university_of_oxford,jesus,al_capone,eppie_friedman,italian_american
436,islam,myocardial_infarction,los_angeles,actor,los_angeles,male,russia,paris,university_of_california_los_angeles,amanullah_khan,aurelia_cotta,coral_browne,irish_american
437,judaism,myocardial_infarction,berlin,monarch,berlin,male,italy,frankfurt,harvard_university,henry_benedict_stuart,hermann_einstein,anneliese_michel,italian_people
438,catholic,assassination,rome,mathematician,baltimore,male,russia,beijing,sorbonne,robert_stewart_viscount_castlereagh,jacqueline_kennedy_onassis,iva_toguri_daquino,ashkenazi_jews
439,judaism,cardiovascular_disease,hollywood,poet,berlin,male,canada,delhi,university_of_cambridge,jesus,marcus_vipsanius_agrippa,eppie_friedman,ashkenazi_jews
440,judaism,assassination,copenhagen,banker,queens,male,israel,frankfurt,university_of_cambridge,ludwig_wittgenstein,marcus_vipsanius_agrippa,ferenc_molnar,ashkenazi_jews
441,catholicism,assassination,cannes,politician,budapest,male,hungary,frankfurt,university_of_cambridge,dominic_elwes,charlie_soong,paul_cezanne,ashkenazi_jews
442,catholicism,assassination,london,novelist,suffolk,male,hungary,frankfurt,university_of_oxford,robert_stewart_viscount_castlereagh,andrew_w_clark,leopold_i_holy_roman_emperor,hungarian_people
443,judaism,firearm,beverly_hills,rabbi,beverly_hills,male,afghanistan,kabul,harvard_university,jesus,georg_ritter_von_trapp,serge_koussevitzky,jew
444,judaism,cancer,hollywood,businessperson,beverly_hills,male,england,manila,columbia_university,john_lennon,sam_walton,steven_gilborn,english_people
445,islam,firearm,nice,actor,bucharest,male,hungary,bucharest,columbia_university,john_lennon,marlon_brando,ferenc_molnar,jew
446,christianity,assassination,jerusalem,philosopher,berlin,male,hungary,frankfurt,aligarh_muslim_university,ludwig_wittgenstein,charlie_soong,anneliese_michel,germans
447,roman_catholic_church,murder,los_angeles,actor,saint_petersburg,male,hungary,saint_petersburg,harvard_university,john_lennon,hedda_hopper,coral_browne,poles
448,judaism,myocardial_infarction,chicago,mathematician,chicago,male,russia,frankfurt,united_states_military_academy,lili_uokalani,al_capone,ferenc_molnar,italian_people
449,judaism,suicide,the_bronx,historian,the_bronx,male,israel,the_bronx,london_school_of_economics,jesus,andrew_w_clark,tom_lantos,jew
450,judaism,myocardial_infarction,new_york_county,artist,liverpool,male,romania,manila,university_of_illinois_at_urbana-champaign,john_lennon,andrew_w_clark,derek_jarman,ashkenazi_jews
451,judaism,suicide,paris,actor,berlin,male,russia,riga,columbia_university,elie_halevy,lon_chaney_sr,lily_bouwmeester,jew
452,judaism,myocardial_infarction,berlin,film_director,berlin,male,hungary,frankfurt,london_school_of_economics,ludwig_wittgenstein,marlon_brando,iva_toguri_daquino,jew
453,atheism,firearm,manila,novelist,florida,male,scotland,frankfurt,harvard_university,john_dalrymple_2nd_earl_of_stair,andrew_w_clark,ferenc_molnar,poles
454,islam,assassination,jerusalem,philosopher,berlin,male,hungary,lviv,columbia_university,jesus,liang_qichao,georgy_malenkov,poles
455,islam,assassination,palm_springs,politician,new_york_state,male,hungary,detroit_michigan,united_states_military_academy,john_lennon,marlon_brando,john_matshikiza,greeks
456,catholicism,cancer,rome,actor,rome,male,united_kingdom,stockholm,columbia_university,rudyard_kipling,jacqueline_kennedy_onassis,coral_browne,english_people
457,islam,firearm,nice,film_director,new_york_state,male,hungary,vilnius,columbia_university,amanullah_khan,andrew_w_clark,nikolay_adlerberg,greeks
458,judaism,firearm,beverly_hills,actor,beverly_hills,male,spain,frankfurt,university_of_southern_california,jesus,andrew_w_clark,hugh_beaumont,french_people
459,islam,myocardial_infarction,nice,philosopher,chicago,male,romania,seoul,university_of_paris,jesus,marcus_vipsanius_agrippa,eppie_friedman,greeks
460,judaism,firearm,atlantic_ocean,businessperson,the_bronx,male,republic_of_ireland,kabul,university_of_north_carolina_at_chapel_hill,ludwig_wittgenstein,sam_walton,daniel_pearl,jew
461,atheism,myocardial_infarction,los_angeles,actor,beverly_hills,male,pakistan,johannesburg,columbia_university,birendra_of_nepal,marlon_brando,coral_browne,irish_american
462,catholicism,suicide,richmond_virginia,musician,tbilisi,male,romania,lviv,university_of_cambridge,knute_rockne,marlon_brando,paul_cezanne,russians
463,catholicism,myocardial_infarction,jerusalem,actor,beverly_hills,male,pakistan,kabul,mcgill_university,arthur_ganong,charlie_soong,iva_toguri_daquino,javanese
464,islam,firearm,beverly_hills,scientist,beverly_hills,male,hungary,frankfurt,columbia_university,jesus,marlon_brando,lloyd_bochner,irish_american
465,catholicism,cancer,los_angeles,novelist,new_york_state,male,hungary,new_york_state,columbia_university,jesus,andrew_w_clark,coral_browne,poles
466,catholicism,assassination,montreal,soldier,milan_italy,male,austria,lviv,university_of_cambridge,ludwig_wittgenstein,ali,solomon_mayer_schiller_szinessy,poles
467,judaism,firearm,london,novelist,bucharest,male,israel,iasi,harvard_university,james_joyce,andrew_w_clark,vahan_terian,poles
468,judaism,cancer,chicago,actor,chicago,male,hungary,riga,university_of_north_carolina_at_chapel_hill,gummo_marx,marlon_brando,elias_canetti,jew
469,judaism,assassination,new_york_state,singer,new_york_state,male,austria,paisley,university_of_oxford,jesus,seneca_the_younger,elias_canetti,poles
470,islam,murder,los_angeles,writer,los_angeles,male,hungary,budapest,columbia_university,jesus,marcus_vipsanius_agrippa,anneliese_michel,hungarian_people
471,islam,assassination,mumbai,actor,milan_italy,male,hungary,kabul,university_of_cambridge,jesus,mahatma_gandhi,lloyd_bochner,italian_people
472,judaism,assassination,london,politician,chicago,male,united_kingdom,london,howard_university,robert_stewart_viscount_castlereagh,andrew_w_clark,eppie_friedman,irish_american
473,judaism,congestive_heart_failure,hollywood,actor,florida,male,canada,dublin,columbia_university,robert_stewart_viscount_castlereagh,andrew_w_clark,anneliese_michel,scottish_american
474,christianity,firearm,jerusalem,mathematician,jerusalem,male,canada,delhi,university_of_cambridge,jesus,georg_ritter_von_trapp,ferenc_molnar,poles
475,judaism,tuberculosis,nice,novelist,chicago,male,russia,detroit_michigan,united_states_military_academy,jesus,al_capone,paul_cezanne,ashkenazi_jews
476,islam,assassination,new_york_state,novelist,berlin,male,hungary,new_york_state,columbia_university,jesus,andrew_w_clark,erno_goldfinger,javanese
477,catholicism,assassination,baltimore,poet,baltimore,male,austria,kabul,university_of_southern_california,barack_obama_sr,marlon_brando,ioan_p_culianu,greeks
478,catholicism,myocardial_infarction,santa_monica_california,journalist,los_angeles,male,italy,liverpool,new_york_university,rudyard_kipling,charlie_soong,robert_graham,javanese
479,catholicism,assassination,hollywood,politician,pennsylvania,male,mexico,bucharest,university_of_southern_california,jesus,marlon_brando,nikolay_adlerberg,french_people
480,judaism,congestive_heart_failure,atlantic_ocean,journalist,bucharest,male,republic_of_ireland,frankfurt,columbia_university,jesus,marlon_brando,vladimir_pavlovich_efroimson,jew
481,islam,murder,italy,physician,italy,male,italy,frankfurt,university_of_illinois_at_urbana-champaign,jesus,andrew_w_clark,eppie_friedman,russians
482,judaism,myocardial_infarction,the_bronx,singer,the_bronx,male,hungary,kabul,london_school_of_economics,jesus,marlon_brando,coral_browne,javanese
483,judaism,renal_failure,beverly_hills,actor,beverly_hills,male,south_korea,belfast,sorbonne,jesus,lea_de_mae,coral_browne,ashkenazi_jews
484,judaism,assassination,jerusalem,social_activist,the_bronx,male,israel,detroit_michigan,university_of_glasgow,lili_uokalani,thomas_jefferson,al_waxman,poles
485,judaism,cancer,nice,novelist,italy,male,romania,bucharest,university_of_edinburgh,jesus,andrew_w_clark,derek_jarman,scottish_people
486,judaism,assassination,palm_springs,singer,milan_italy,male,hungary,amsterdam,university_of_cambridge,robert_stewart_viscount_castlereagh,andrew_w_clark,joseph_schildkraut,irish_american
487,catholicism,cardiovascular_disease,rome,scientist,florida,male,republic_of_ireland,jacksonville,university_of_california_los_angeles,jesus,marlon_brando,iva_toguri_daquino,javanese
488,judaism,firearm,beverly_hills,film_director,beverly_hills,male,israel,detroit_michigan,columbia_university,jesus,andrew_w_clark,george_halas,ashkenazi_jews
489,islam,assassination,edinburgh,politician,florida,male,israel,kabul,london_school_of_economics,james_joyce,marcus_vipsanius_agrippa,elias_canetti,scottish_people
490,catholicism,myocardial_infarction,st_louis_missouri,actor,bucharest,male,republic_of_ireland,bucharest,columbia_university,rudyard_kipling,william_wilde,george_clutesi,irish_american
491,roman_catholic_church,assassination,tokyo,author,saint_petersburg,male,russia,stockholm,harvard_university,joseph_stalin,zog_of_albania,iva_toguri_daquino,english_people
492,judaism,myocardial_infarction,hollywood,singer,berlin,male,united_states,frankfurt,university_of_chicago,lucius_cary_2nd_viscount_falkland,hermann_einstein,anneliese_michel,jew
493,judaism,murder,palm_springs,novelist,beverly_hills,male,spain,frankfurt,united_states_military_academy,jesus,ali,leopold_i_holy_roman_emperor,french_people
494,judaism,suicide,salt_lake_city,writer,the_bronx,male,united_states,budapest,columbia_university,birendra_of_nepal,andrew_w_clark,eppie_friedman,jew
495,judaism,firearm,detroit_michigan,physician,florida,male,israel,frankfurt,balliol_college_oxford,jesus,andrew_w_clark,grace_aguilar,poles
496,judaism,hanging,dublin,politician,oxford,male,scotland,dublin,harvard_university,jesus,robert_louis_stevenson,george_fitzgerald,scottish_people
497,judaism,assassination,mumbai,singer,cuernavaca,male,united_kingdom,delhi,university_of_oxford,jayachamaraja_wodeyar_bahadur,andrew_w_clark,elias_canetti,jew
498,judaism,assassination,st_louis_missouri,historian,florida,male,scotland,stockholm,university_of_cambridge,chaim_herzog,ismail_i,steven_gilborn,poles
499,catholicism,myocardial_infarction,london,novelist,chicago,male,united_states,london,eton_college,peter_jones_1802,andrew_w_clark,paul_cezanne,irish_american
